{
  "form_title": "(TEST)CGSDB - Employee Onboarding",
  "employee_information": {
    "first_name": "John",
    "last_name": "Doe",
    "employee_start_date": "05/27/2025",
    "job_title_position": "TEST STAFF",
    "mobile_phone": "7378679004",
    "existing_employee_for_permissions": "TEST@CGSDB.com"
  },
  "email_information": {
    "desired_email_address": "john.doe@CGSDB.com",
    "optional_email_alias": "john.doe@CGSDB.com",
    "microsoft_licenses": "Email only (Includes Office Web Apps)",
    "email_distribution_groups_shared_mailboxes": "n/a"
  },
  "computer_information": {
    "assigned_computer": "n/a",
    "need_new_computer_purchased": false,
    "planswift_share_drive_access": false,
    "required_software": [
      "Slack",
      "Zoom",
      "Adobe Reader",
      "Firefox",
      "Egnyte",
      "Chrome"
    ],
    "approval_for_additional_adobe_licenses": false
  },
  "egnyte_access": {
    "account_type": "No",
    "group_folder_access": "Normal Access"
  },
  "additional_information": {
    "notes_remarks": "n/a"
  }
}